game_name,provider,category,suggested_weight,confidence,independent_sources,score,evidence_kinds,sources,match_type,candidates
Book of Dead,Play'n GO,slots,5522,medium,3,100.73,global_report|india_review|operator_lobby,https://casinodays.com/en|https://igamingbusiness.com/wp-content/uploads/2025/02/eGM-iGB-Executive_Casino-Review_Q3-2024.pdf|https://parimatch.review/casino,provider_mismatch,568win:1026:65:Rich88:Book of Dead
Lion Gems: Hold and Win,Playson,slots,5500,medium,1,100.00,operator_metrics,https://casinokhajana.com/in/casino?cashier=deposit,provider_mismatch,568win:1067:85:Booongo:Lion Gems: Hold and Win
Auto Roulette,Evolution,live,5050,medium,1,85.00,operator_metrics,https://casinokhajana.com/in/casino?cashier=deposit,provider_mismatch,568win:38:795:PragmaticPlayCasino:Auto Roulette
Roulette,Evolution,live,4500,low,1,72.00,operator_lobby,https://casinodays.com/en,provider_mismatch,568win:28:7:AllBet:Roulette|568win:1019:2:YeeBet:Roulette|568win:1030:5:DreamGaming:Roulette|568win:1035:5:PlayAce:Roulette|568win:1088:3:Ezugi:Roulette|568win:1092:32:IDNLive:Roulette|568win:3:182:PragmaticPlay:Roulette|568win:1016:78:AFBGaming:roulette|568win:1029:390:568WinGames:roulette|568win:1082:23:Vgaming:Roulette
Teen Patti,Ezugi,live,3648,low,1,38.25,india_review,https://gamblino.com/reviews/4rabet/|https://gamblino.com/live-casino/,provider_mismatch,568win:1009:17:MPoker:Teen Patti|568win:1020:74:JiLiGaming:TeenPatti
Dragon Tiger,Evolution,live,2804,low,1,10.13,india_review,https://in.ontheballbets.com/games/,provider_mismatch,568win:38:807:PragmaticPlayCasino:Dragon Tiger|568win:28:6:AllBet:DragonTiger|568win:1019:3:YeeBet:Dragon Tiger|568win:1025:32:PlayTech:Dragon Tiger|568win:1030:4:DreamGaming:DragonTiger|568win:1035:3:PlayAce:Dragon Tiger|568win:1088:16:Ezugi:Dragon Tiger|568win:1092:13:IDNLive:Dragon Tiger|568win:1026:54:Rich88:Dragon Tiger|568win:3:187:PragmaticPlay:Dragon Tiger|568win:1009:4:MPoker:Dragon Tiger|568win:1042:654:KAGaming:Dragon Tiger|568win:1082:40:Vgaming:Dragon Tiger
Cash or Crash,Evolution,live,2736,medium,1,7.87,market_research,https://www.sevenjackpots.com/research-papers/online-casino-trends-in-modern-india/,provider_mismatch,568win:10:27:JokerGaming:Cash Or Crash|568win:16:16010002:FunkyGames:Cash Or Crash
Super Sic Bo,Evolution,live,2736,medium,1,7.87,market_research,https://www.sevenjackpots.com/research-papers/online-casino-trends-in-modern-india/,provider_mismatch,568win:1048:18:GamePlayLiveCasino:Super Sicbo
Teen Patti,Evolution,live,2592,low,1,3.06,provider_official,https://games.evolution.com/live-casino/live-poker/teen-patti/,provider_mismatch,568win:1009:17:MPoker:Teen Patti|568win:1020:74:JiLiGaming:TeenPatti
