game_name,provider,category,suggested_weight,confidence,independent_sources,score,evidence_kinds,sources,reason
Lightning Roulette,Evolution,live,10000,high,6,357.58,global_report|india_review|market_research|operator_lobby|operator_metrics,https://casinokhajana.com/in/casino?cashier=deposit|https://casinodays.com/en|https://www.sevenjackpots.com/research-papers/online-casino-trends-in-modern-india/|https://parimatch.review/casino|https://gamblino.com/live-casino/|https://www.yogonet.com/international/news/2026/07/27/125553-live-games-in-2026-the-titles-and-countries-leading-the-market,not_found
Sweet Bonanza,Pragmatic Play,slots,10000,high,5,355.57,global_report|india_review|operator_lobby|operator_metrics,https://10sports.club/slot-games|https://casinodays.com/en|https://gamblino.com/reviews/4rabet/|https://gamblino.com/games/|https://igamingbusiness.com/wp-content/uploads/2025/02/eGM-iGB-Executive_Casino-Review_Q3-2024.pdf|https://parimatch.review/casino,not_found
Sugar Rush,Pragmatic Play,slots,8341,high,3,194.70,india_review|operator_lobby|operator_metrics,https://10sports.club/slot-games|https://casinodays.com/en|https://parimatch.review/casino,not_found
MONOPOLY Big Baller,Evolution,live,6361,medium,2,128.70,operator_lobby|operator_metrics,https://casinokhajana.com/in/casino?cashier=deposit|https://casinodays.com/en,not_found
XXXTreme Lightning Roulette,Evolution,live,6361,medium,2,128.70,operator_lobby|operator_metrics,https://casinokhajana.com/in/casino?cashier=deposit|https://casinodays.com/en,not_found
Airavat - The White Elephant,TopSpin,slots,5050,medium,1,85.00,operator_metrics,https://casinokhajana.com/in/casino?cashier=deposit,not_found
Funky Time,Evolution,live,4450,medium,1,65.00,operator_metrics,https://casinokhajana.com/in/casino?cashier=deposit,not_found
JetX,SmartSoft Gaming,crash,4450,medium,1,65.00,operator_metrics,https://10sports.club/slot-games,not_found
MONOPOLY Live,Evolution,live,4450,medium,1,65.00,operator_metrics,https://casinokhajana.com/in/casino?cashier=deposit,not_found
Razor Shark,Push Gaming,slots,4450,medium,1,65.00,operator_metrics,https://10sports.club/slot-games,not_found
Legacy of Dead,Play'n GO,slots,4060,low,1,52.00,operator_lobby,https://casinodays.com/en,not_found
Speed Roulette,Evolution,live,3904,low,1,46.80,operator_lobby,https://casinodays.com/en,not_found
Hindi Roulette,Evolution,live,3445,medium,1,31.50,market_research,https://www.sevenjackpots.com/research-papers/top-game-shows-and-live-casino-classics-captivate-india/,not_found
Infinite Blackjack,Evolution,live,3378,low,1,29.25,india_review,https://gamblino.com/live-casino/,not_found
Live Baccarat,Pragmatic Play,live,2812,low,1,10.41,global_report,https://www.yogonet.com/international/news/2026/07/27/125553-live-games-in-2026-the-titles-and-countries-leading-the-market,not_found
