uuid,game_name,provider,category,suggested_weight,confidence,independent_sources,score,evidence_kinds,sources,catalog_name,catalog_provider,match_type
568win:20:6,Crazy Time,Evolution,live,10000,high,6,457.27,india_review|market_research|operator_lobby|operator_metrics,https://casinokhajana.com/in/casino?cashier=deposit|https://casinodays.com/en|https://www.sevenjackpots.com/research-papers/online-casino-trends-in-modern-india/|https://parimatch.review/casino|https://gamblino.com/live-casino/|https://www.yogonet.com/international/news/2026/07/27/125553-live-games-in-2026-the-titles-and-countries-leading-the-market,Crazy Time,Evolution,exact
568win:3:170,Gates of Olympus,Pragmatic Play,slots,10000,high,6,347.88,global_report|india_review|operator_lobby|operator_metrics,https://10sports.club/slot-games|https://casinodays.com/en|https://gamblino.com/reviews/4rabet/|https://gamblino.com/games/|https://igamingbusiness.com/wp-content/uploads/2025/02/eGM-iGB-Executive_Casino-Review_Q3-2024.pdf|https://parimatch.review/casino|https://www.businessofigaming.com/game-providers/pragmatic-play/,Gates of Olympus,PragmaticPlay,exact
568win:1072:1,Aviator,Spribe,crash,10000,high,5,276.26,global_report|india_review|operator_metrics,https://10sports.club/slot-games|https://gamblino.com/reviews/4rabet/|https://gamblino.com/games/|https://in.ontheballbets.com/games/|https://igamingbusiness.com/wp-content/uploads/2025/02/eGM-iGB-Executive_Casino-Review_Q3-2024.pdf|https://www.businessofigaming.com/most-popular-casino-games/,Aviator,Spribe,exact
568win:3:153,Big Bass Bonanza,Pragmatic Play,slots,5907,medium,2,113.58,india_review|operator_metrics,https://10sports.club/slot-games|https://parimatch.review/casino,Big Bass Bonanza,PragmaticPlay,exact
568win:3:438,Gates of Olympus 1000,Pragmatic Play,slots,5484,medium,2,99.45,global_report|operator_lobby,https://casinodays.com/en|https://www.businessofigaming.com/game-providers/pragmatic-play/,Gates of Olympus 1000,PragmaticPlay,exact
568win:1088:24,Andar Bahar,Ezugi,live,5470,medium,2,99.00,india_review,https://gamblino.com/reviews/4rabet/|https://parimatch.review/casino|https://gamblino.com/live-casino/,Andar Bahar,Ezugi,exact
568win:1096:232,Le King,Hacksaw Gaming,slots,5050,medium,1,85.00,operator_metrics,https://casinokhajana.com/in/casino?cashier=deposit,Le King,HacksawGaming,exact
568win:3:143,The Dog House Megaways,Pragmatic Play,slots,4908,medium,2,80.26,global_report|operator_metrics,https://10sports.club/slot-games|https://www.businessofigaming.com/game-providers/pragmatic-play/,The Dog House Megaways,PragmaticPlay,exact
568win:38:704,Mega Roulette,Pragmatic Play,live,4500,low,1,68.00,operator_lobby,https://casinodays.com/en,Mega Roulette,PragmaticPlayCasino,exact
568win:1032:85,Money Train 4,Relax Gaming,slots,4450,medium,1,65.00,operator_metrics,https://10sports.club/slot-games,Money Train 4,RelaxGaming,exact
568win:1096:68,Wanted Dead or a Wild,Hacksaw Gaming,slots,4450,medium,1,65.00,operator_metrics,https://10sports.club/slot-games,Wanted Dead or a Wild,HacksawGaming,exact
568win:3:381,Big Bass Amazon Xtreme,Pragmatic Play,slots,4060,low,1,52.00,operator_lobby,https://casinodays.com/en,Big Bass Amazon Xtreme,PragmaticPlay,exact
568win:38:723,Sweet Bonanza CandyLand,Pragmatic Play,live,4060,low,1,52.00,operator_lobby,https://casinodays.com/en,Sweet Bonanza CandyLand,PragmaticPlayCasino,exact
568win:20:108,Speed Baccarat,Evolution,live,3996,medium,2,49.87,india_review|market_research,https://www.sevenjackpots.com/research-papers/online-casino-trends-in-modern-india/|https://parimatch.review/casino,Speed Baccarat A,Evolution,alias
568win:1038:87,Starburst,NetEnt,slots,3554,medium,2,35.14,global_report|india_review,https://igamingbusiness.com/wp-content/uploads/2025/02/eGM-iGB-Executive_Casino-Review_Q3-2024.pdf|https://parimatch.review/casino,Starburst,Netent,exact
568win:1088:31,One Day Teen Patti Back & Lay,Ezugi,live,3533,low,1,34.43,india_review,https://parimatch.review/casino,One Day Teen Patti Back & Lay,Ezugi,exact
568win:3:596,Gates of Olympus Super Scatter,Pragmatic Play,slots,2812,low,1,10.41,global_report,https://www.businessofigaming.com/game-providers/pragmatic-play/,Gates of Olympus Super Scatter,PragmaticPlay,exact
568win:1072:5,Mines,Spribe,instant,2770,low,1,9.00,india_review,https://in.ontheballbets.com/games/,Mines,Spribe,exact
568win:1072:4,Plinko,Spribe,instant,2770,low,1,9.00,india_review,https://in.ontheballbets.com/games/,Plinko,Spribe,exact
568win:3:473,Sugar Rush 1000,Pragmatic Play,slots,2739,low,1,7.96,global_report,https://www.businessofigaming.com/game-providers/pragmatic-play/,Sugar Rush 1000,PragmaticPlay,exact
568win:1088:16,Dragon Tiger,Ezugi,live,2713,medium,1,7.09,market_research,https://www.sevenjackpots.com/research-papers/online-casino-trends-in-modern-india/,Dragon Tiger,Ezugi,exact
568win:1088:8,Lucky 7,Ezugi,live,2713,medium,1,7.09,market_research,https://www.sevenjackpots.com/research-papers/top-game-shows-and-live-casino-classics-captivate-india/,Lucky 7,Ezugi,exact
568win:3:594,Big Bass Bonanza 1000,Pragmatic Play,slots,2647,low,1,4.90,global_report,https://www.businessofigaming.com/game-providers/pragmatic-play/,Big Bass Bonanza 1000,PragmaticPlay,exact
568win:3:730,Big Bass Football Bonanza,Pragmatic Play,slots,2647,low,1,4.90,global_report,https://www.businessofigaming.com/game-providers/pragmatic-play/,Big Bass Football Bonanza,PragmaticPlay,exact
568win:3:723,Sweet Bonanza 2500,Pragmatic Play,slots,2647,low,1,4.90,global_report,https://www.businessofigaming.com/game-providers/pragmatic-play/,Sweet Bonanza 2500,PragmaticPlay,exact
568win:3:105,The Dog House,Pragmatic Play,slots,2647,low,1,4.90,global_report,https://www.businessofigaming.com/game-providers/pragmatic-play/,The Dog House,PragmaticPlay,exact
568win:38:808,Andar Bahar,Pragmatic Play,live,2592,low,1,3.06,provider_official,https://www.pragmaticplay.com/en/news/pragmatic-play-rolls-out-two-new-indian-focused-live-casino-products/,Andar Bahar,PragmaticPlayCasino,exact
568win:38:787,Roulette India,Pragmatic Play,live,2592,low,1,3.06,provider_official,https://www.pragmaticplay.com/en/news/pragmatic-play-rolls-out-two-new-indian-focused-live-casino-products/,Roulette Indian,PragmaticPlayCasino,alias
568win:20:166,Super Andar Bahar,Evolution,live,2592,low,1,3.06,provider_official,https://www.evolution.com/news/evolution-launches-super-andar-bahar-indian-classic-with-added-massive-multipliers,Super Andar Bahar,Evolution,exact
