provider,suggested_weight,evidence_games,matched_games,catalog_coverage_pct,top_games
Pragmatic Play,8152,18,15,83,Sweet Bonanza:10000|Gates of Olympus:10000|Sugar Rush:8341|Big Bass Bonanza:5907|Gates of Olympus 1000:5484
Evolution,7799,17,3,18,Crazy Time:10000|Lightning Roulette:10000|MONOPOLY Big Baller:6361|XXXTreme Lightning Roulette:6361|Auto Roulette:5050
Playson,5075,1,0,0,Lion Gems: Hold and Win:5500
Spribe,4787,3,3,100,Aviator:10000|Mines:2770|Plinko:2770
TopSpin,4670,1,0,0,Airavat - The White Elephant:5050
Play'n GO,4562,2,0,0,Book of Dead:5522|Legacy of Dead:4060
Hacksaw Gaming,4525,2,2,100,Le King:5050|Wanted Dead or a Wild:4450
SmartSoft Gaming,4130,1,0,0,JetX:4450
Relax Gaming,4130,1,1,100,Money Train 4:4450
Push Gaming,4130,1,0,0,Razor Shark:4450
Ezugi,3379,5,4,80,Andar Bahar:5470|Teen Patti:3648|One Day Teen Patti Back & Lay:3533|Dragon Tiger:2713|Lucky 7:2713
NetEnt,3199,1,1,100,Starburst:3554
