source_id,source_url,source_domain,source_kind,source_date,geo_scope,rank,category,game_name,provider,match_confidence,note
10sports-90d,https://10sports.club/slot-games,10sports.club,operator_metrics,2026-09-01,india,1,crash,Aviator,Spribe,1.00,最近90天印度用户场次和独立玩家榜第1
10sports-90d,https://10sports.club/slot-games,10sports.club,operator_metrics,2026-09-01,india,2,slots,Sweet Bonanza,Pragmatic Play,1.00,最近90天印度用户榜第2
10sports-90d,https://10sports.club/slot-games,10sports.club,operator_metrics,2026-09-01,india,3,slots,Gates of Olympus,Pragmatic Play,1.00,最近90天印度用户榜第3
10sports-90d,https://10sports.club/slot-games,10sports.club,operator_metrics,2026-09-01,india,4,crash,JetX,SmartSoft Gaming,1.00,最近90天印度用户榜第4
10sports-90d,https://10sports.club/slot-games,10sports.club,operator_metrics,2026-09-01,india,5,slots,Sugar Rush,Pragmatic Play,1.00,最近90天印度用户榜第5
10sports-90d,https://10sports.club/slot-games,10sports.club,operator_metrics,2026-09-01,india,6,slots,The Dog House Megaways,Pragmatic Play,1.00,最近90天印度用户榜第6
10sports-90d,https://10sports.club/slot-games,10sports.club,operator_metrics,2026-09-01,india,7,slots,Big Bass Bonanza,Pragmatic Play,1.00,最近90天印度用户榜第7
10sports-90d,https://10sports.club/slot-games,10sports.club,operator_metrics,2026-09-01,india,8,slots,Razor Shark,Push Gaming,1.00,最近90天印度用户榜第8
10sports-90d,https://10sports.club/slot-games,10sports.club,operator_metrics,2026-09-01,india,9,slots,Money Train 4,Relax Gaming,1.00,最近90天印度用户榜第9
10sports-90d,https://10sports.club/slot-games,10sports.club,operator_metrics,2026-09-01,india,10,slots,Wanted Dead or a Wild,Hacksaw Gaming,1.00,最近90天印度用户榜第10
casino-khajana-90d,https://casinokhajana.com/in/casino?cashier=deposit,casinokhajana.com,operator_metrics,2026-09-09,india,1,live,Crazy Time,Evolution,1.00,印度站公布最近90天派奖榜
casino-khajana-90d,https://casinokhajana.com/in/casino?cashier=deposit,casinokhajana.com,operator_metrics,2026-09-09,india,2,live,Auto Roulette,Evolution,1.00,印度站公布最近90天派奖榜
casino-khajana-90d,https://casinokhajana.com/in/casino?cashier=deposit,casinokhajana.com,operator_metrics,2026-09-09,india,3,live,Lightning Roulette,Evolution,1.00,印度站公布最近90天派奖榜
casino-khajana-90d,https://casinokhajana.com/in/casino?cashier=deposit,casinokhajana.com,operator_metrics,2026-09-09,india,4,live,XXXTreme Lightning Roulette,Evolution,1.00,印度站公布最近90天派奖榜
casino-khajana-90d,https://casinokhajana.com/in/casino?cashier=deposit,casinokhajana.com,operator_metrics,2026-09-09,india,5,live,MONOPOLY Big Baller,Evolution,1.00,印度站公布最近90天派奖榜
casino-khajana-90d,https://casinokhajana.com/in/casino?cashier=deposit,casinokhajana.com,operator_metrics,2026-09-09,india,6,live,MONOPOLY Live,Evolution,1.00,印度站公布最近90天派奖榜
casino-khajana-90d,https://casinokhajana.com/in/casino?cashier=deposit,casinokhajana.com,operator_metrics,2026-09-09,india,7,live,Funky Time,Evolution,1.00,印度站公布最近90天派奖榜
casino-khajana-slots,https://casinokhajana.com/in/casino?cashier=deposit,casinokhajana.com,operator_metrics,2026-09-09,india,1,slots,Lion Gems: Hold and Win,Playson,1.00,印度站公布最近90天老虎机派奖榜
casino-khajana-slots,https://casinokhajana.com/in/casino?cashier=deposit,casinokhajana.com,operator_metrics,2026-09-09,india,2,slots,Airavat - The White Elephant,TopSpin,1.00,印度站公布最近90天老虎机派奖榜
casino-khajana-slots,https://casinokhajana.com/in/casino?cashier=deposit,casinokhajana.com,operator_metrics,2026-09-09,india,3,slots,Le King,Hacksaw Gaming,1.00,印度站公布最近90天老虎机派奖榜
casinodays-popular,https://casinodays.com/en,casinodays.com,operator_lobby,2026-09-01,india,1,slots,Gates of Olympus 1000,Pragmatic Play,1.00,印度可用站首页Popular第1
casinodays-slots,https://casinodays.com/en,casinodays.com,operator_lobby,2026-09-01,india,1,slots,Sweet Bonanza,Pragmatic Play,1.00,站方Most Popular Slots
casinodays-slots,https://casinodays.com/en,casinodays.com,operator_lobby,2026-09-01,india,2,slots,Gates of Olympus,Pragmatic Play,1.00,站方Most Popular Slots
casinodays-slots,https://casinodays.com/en,casinodays.com,operator_lobby,2026-09-01,india,3,slots,Sugar Rush,Pragmatic Play,1.00,站方Most Popular Slots
casinodays-slots,https://casinodays.com/en,casinodays.com,operator_lobby,2026-09-01,india,4,slots,Legacy of Dead,Play'n GO,1.00,站方Most Popular Slots
casinodays-slots,https://casinodays.com/en,casinodays.com,operator_lobby,2026-09-01,india,5,slots,Big Bass Amazon Xtreme,Pragmatic Play,1.00,站方Most Popular Slots
casinodays-slots,https://casinodays.com/en,casinodays.com,operator_lobby,2026-09-01,india,6,slots,Book of Dead,Play'n GO,1.00,站方Most Popular Slots
casinodays-live,https://casinodays.com/en,casinodays.com,operator_lobby,2026-09-01,india,1,live,Roulette,Evolution,0.90,站方Most Popular Live Casino
casinodays-live,https://casinodays.com/en,casinodays.com,operator_lobby,2026-09-01,india,2,live,Crazy Time,Evolution,1.00,站方Most Popular Live Casino
casinodays-live,https://casinodays.com/en,casinodays.com,operator_lobby,2026-09-01,india,3,live,Mega Roulette,Pragmatic Play,1.00,站方Most Popular Live Casino
casinodays-live,https://casinodays.com/en,casinodays.com,operator_lobby,2026-09-01,india,4,live,MONOPOLY Big Baller,Evolution,1.00,站方Most Popular Live Casino
casinodays-live,https://casinodays.com/en,casinodays.com,operator_lobby,2026-09-01,india,5,live,Sweet Bonanza CandyLand,Pragmatic Play,1.00,站方Most Popular Live Casino
casinodays-live,https://casinodays.com/en,casinodays.com,operator_lobby,2026-09-01,india,8,live,Lightning Roulette,Evolution,1.00,站方Most Popular Live Casino
casinodays-live,https://casinodays.com/en,casinodays.com,operator_lobby,2026-09-01,india,9,live,XXXTreme Lightning Roulette,Evolution,1.00,站方Most Popular Live Casino
casinodays-live,https://casinodays.com/en,casinodays.com,operator_lobby,2026-09-01,india,10,live,Speed Roulette,Evolution,0.90,站方Most Popular Live Casino
4rabet-popular,https://gamblino.com/reviews/4rabet/,gamblino.com,india_review,2026-09-01,india,1,crash,Aviator,Spribe,1.00,印度站评测标记Most Played
4rabet-popular,https://gamblino.com/reviews/4rabet/,gamblino.com,india_review,2026-09-01,india,2,slots,Sweet Bonanza,Pragmatic Play,1.00,印度站Popular Games
4rabet-popular,https://gamblino.com/reviews/4rabet/,gamblino.com,india_review,2026-09-01,india,3,slots,Gates of Olympus,Pragmatic Play,1.00,印度站Popular Games
4rabet-popular,https://gamblino.com/reviews/4rabet/,gamblino.com,india_review,2026-09-01,india,4,live,Andar Bahar,Ezugi,1.00,印度站标记India Favourite
4rabet-popular,https://gamblino.com/reviews/4rabet/,gamblino.com,india_review,2026-09-01,india,5,live,Teen Patti,Ezugi,1.00,印度站标记India Favourite
gamblino-india,https://gamblino.com/games/,gamblino.com,india_review,2026-01-01,india,,crash,Aviator,Spribe,1.00,印度热门玩法总结
gamblino-india,https://gamblino.com/games/,gamblino.com,india_review,2026-01-01,india,,slots,Sweet Bonanza,Pragmatic Play,1.00,印度热门玩法总结
gamblino-india,https://gamblino.com/games/,gamblino.com,india_review,2026-01-01,india,,slots,Gates of Olympus,Pragmatic Play,1.00,印度热门玩法总结
gamblino-india,https://gamblino.com/games/,gamblino.com,india_review,2026-01-01,india,,live,Teen Patti,,0.60,印度热门玩法总结但未指定厂商
gamblino-india,https://gamblino.com/games/,gamblino.com,india_review,2026-01-01,india,,live,Andar Bahar,,0.60,印度热门玩法总结但未指定厂商
sevenjackpots-bi,https://www.sevenjackpots.com/research-papers/online-casino-trends-in-modern-india/,sevenjackpots.com,market_research,2022-11-01,india,1,live,Lightning Roulette,Evolution,1.00,Purewin BI印度Top30中领先
sevenjackpots-bi,https://www.sevenjackpots.com/research-papers/online-casino-trends-in-modern-india/,sevenjackpots.com,market_research,2022-11-01,india,4,live,Andar Bahar,,0.60,印度玩家数总体第4但未指明厂商版本
sevenjackpots-bi,https://www.sevenjackpots.com/research-papers/online-casino-trends-in-modern-india/,sevenjackpots.com,market_research,2022-11-01,india,,live,Teen Patti,,0.60,印度传统游戏Top30证据但未指明厂商版本
sevenjackpots-bi,https://www.sevenjackpots.com/research-papers/online-casino-trends-in-modern-india/,sevenjackpots.com,market_research,2022-11-01,india,,live,Speed Baccarat,Evolution,0.90,Top30纸牌游戏最高评分
sevenjackpots-bi,https://www.sevenjackpots.com/research-papers/online-casino-trends-in-modern-india/,sevenjackpots.com,market_research,2022-11-01,india,,live,Crazy Time,Evolution,1.00,非传统桌面游戏玩家占比2.44%
sevenjackpots-bi,https://www.sevenjackpots.com/research-papers/online-casino-trends-in-modern-india/,sevenjackpots.com,market_research,2022-11-01,india,,live,Cash or Crash,Evolution,1.00,新品期玩家和投注份额强
sevenjackpots-bi,https://www.sevenjackpots.com/research-papers/online-casino-trends-in-modern-india/,sevenjackpots.com,market_research,2022-11-01,india,,live,Super Sic Bo,Evolution,1.00,真人桌投注额第3
sevenjackpots-bi,https://www.sevenjackpots.com/research-papers/online-casino-trends-in-modern-india/,sevenjackpots.com,market_research,2022-11-01,india,,live,Dragon Tiger,Ezugi,0.90,印度样本明确列为热门Ezugi玩法
sevenjackpots-bi,https://www.sevenjackpots.com/research-papers/online-casino-trends-in-modern-india/,sevenjackpots.com,market_research,2022-11-01,india,,live,Jhandi Munda,,0.60,印度南部玩家占比明显但未指明厂商
sevenjackpots-provider,https://www.sevenjackpots.com/research-papers/top-game-shows-and-live-casino-classics-captivate-india/,sevenjackpots.com,market_research,2022-11-01,india,1,live,Hindi Roulette,Evolution,1.00,印度样本轮盘类别投注份额9.69%
sevenjackpots-provider,https://www.sevenjackpots.com/research-papers/top-game-shows-and-live-casino-classics-captivate-india/,sevenjackpots.com,market_research,2022-11-01,india,,live,Lucky 7,Ezugi,0.90,报告明确列出印度偏好的快速二选一Ezugi玩法
otbb-india,https://in.ontheballbets.com/games/,in.ontheballbets.com,india_review,2026-04-01,india,1,crash,Aviator,Spribe,1.00,印度游戏指南称当前最热门
otbb-india,https://in.ontheballbets.com/games/,in.ontheballbets.com,india_review,2026-04-01,india,2,live,Teen Patti,,0.60,印度游戏指南第2但未指定厂商
otbb-india,https://in.ontheballbets.com/games/,in.ontheballbets.com,india_review,2026-04-01,india,3,live,Andar Bahar,,0.60,印度游戏指南第3但未指定厂商
otbb-india,https://in.ontheballbets.com/games/,in.ontheballbets.com,india_review,2026-04-01,india,,instant,Mines,Spribe,0.80,印度快速游戏推荐且页面指向Spribe体系
otbb-india,https://in.ontheballbets.com/games/,in.ontheballbets.com,india_review,2026-04-01,india,,instant,Plinko,Spribe,0.80,印度快速游戏推荐且页面指向Spribe体系
otbb-india,https://in.ontheballbets.com/games/,in.ontheballbets.com,india_review,2026-04-01,india,,live,Dragon Tiger,Evolution,0.90,页面明确指向Evolution真人游戏
igb-egm,https://igamingbusiness.com/wp-content/uploads/2025/02/eGM-iGB-Executive_Casino-Review_Q3-2024.pdf,igamingbusiness.com,global_report,2024-09-30,global,1,slots,Gates of Olympus,Pragmatic Play,1.00,全球陈列位榜第1并连续保持
igb-egm,https://igamingbusiness.com/wp-content/uploads/2025/02/eGM-iGB-Executive_Casino-Review_Q3-2024.pdf,igamingbusiness.com,global_report,2024-09-30,global,2,slots,Sweet Bonanza,Pragmatic Play,1.00,全球陈列位榜第2并连续保持
igb-egm,https://igamingbusiness.com/wp-content/uploads/2025/02/eGM-iGB-Executive_Casino-Review_Q3-2024.pdf,igamingbusiness.com,global_report,2024-09-30,global,15,crash,Aviator,Spribe,0.90,全球Top20中少数非老虎机游戏
igb-egm,https://igamingbusiness.com/wp-content/uploads/2025/02/eGM-iGB-Executive_Casino-Review_Q3-2024.pdf,igamingbusiness.com,global_report,2024-09-30,global,19,slots,Book of Dead,Play'n GO,1.00,全球Top20追赶组
igb-egm,https://igamingbusiness.com/wp-content/uploads/2025/02/eGM-iGB-Executive_Casino-Review_Q3-2024.pdf,igamingbusiness.com,global_report,2024-09-30,global,20,slots,Starburst,NetEnt,1.00,全球Top20追赶组
businessofgaming,https://www.businessofigaming.com/most-popular-casino-games/,businessofigaming.com,global_report,2026-05-01,global,15,crash,Aviator,Spribe,1.00,Blask 22国数据且印度列为主要市场
evolution-andar,https://www.evolution.com/news/evolution-launches-super-andar-bahar-indian-classic-with-added-massive-multipliers,evolution.com,provider_official,2022-04-27,india,,live,Super Andar Bahar,Evolution,1.00,厂商明确为印度市场本地化产品
evolution-teen,https://games.evolution.com/live-casino/live-poker/teen-patti/,evolution.com,provider_official,2022-01-01,india,,live,Teen Patti,Evolution,1.00,厂商明确为印度传统玩法
pragmatic-india,https://www.pragmaticplay.com/en/news/pragmatic-play-rolls-out-two-new-indian-focused-live-casino-products/,pragmaticplay.com,provider_official,2021-10-06,india,,live,Andar Bahar,Pragmatic Play,1.00,厂商明确为印度市场本地化产品
pragmatic-india,https://www.pragmaticplay.com/en/news/pragmatic-play-rolls-out-two-new-indian-focused-live-casino-products/,pragmaticplay.com,provider_official,2021-10-06,india,,live,Roulette India,Pragmatic Play,1.00,厂商明确为印度市场本地化产品
parimatch-review,https://parimatch.review/casino,parimatch.review,india_review,2026-05-01,india,1,live,Crazy Time,Evolution,1.00,印度站评测明确称最热门Live Game Show
parimatch-review,https://parimatch.review/casino,parimatch.review,india_review,2026-05-01,india,2,live,Lightning Roulette,Evolution,1.00,印度站Live Roulette standout
parimatch-review,https://parimatch.review/casino,parimatch.review,india_review,2026-05-01,india,3,live,Speed Baccarat,Evolution,1.00,印度站Evolution主要真人游戏
parimatch-review,https://parimatch.review/casino,parimatch.review,india_review,2026-05-01,india,1,live,Andar Bahar,Ezugi,1.00,印度专区Hindi荷官游戏
parimatch-review,https://parimatch.review/casino,parimatch.review,india_review,2026-05-01,india,2,live,One Day Teen Patti Back & Lay,Ezugi,0.90,印度专区Teen Patti变体
parimatch-review,https://parimatch.review/casino,parimatch.review,india_review,2026-05-01,india,1,slots,Sweet Bonanza,Pragmatic Play,1.00,印度站Most-played slots名单
parimatch-review,https://parimatch.review/casino,parimatch.review,india_review,2026-05-01,india,2,slots,Gates of Olympus,Pragmatic Play,1.00,印度站Most-played slots名单
parimatch-review,https://parimatch.review/casino,parimatch.review,india_review,2026-05-01,india,3,slots,Big Bass Bonanza,Pragmatic Play,1.00,印度站Most-played slots名单
parimatch-review,https://parimatch.review/casino,parimatch.review,india_review,2026-05-01,india,4,slots,Sugar Rush,Pragmatic Play,1.00,印度站Most-played slots名单
parimatch-review,https://parimatch.review/casino,parimatch.review,india_review,2026-05-01,india,5,slots,Book of Dead,Play'n GO,1.00,印度站Most-played slots名单
parimatch-review,https://parimatch.review/casino,parimatch.review,india_review,2026-05-01,india,6,slots,Starburst,NetEnt,1.00,印度站Most-played slots名单
gamblino-live,https://gamblino.com/live-casino/,gamblino.com,india_review,2026-09-01,india,1,live,Andar Bahar,Ezugi,1.00,印度真人榜第1且明确Ezugi领先
gamblino-live,https://gamblino.com/live-casino/,gamblino.com,india_review,2026-09-01,india,2,live,Teen Patti,Ezugi,1.00,印度真人榜第2且明确Ezugi领先
gamblino-live,https://gamblino.com/live-casino/,gamblino.com,india_review,2026-09-01,india,3,live,Lightning Roulette,Evolution,1.00,印度真人热门榜第3
gamblino-live,https://gamblino.com/live-casino/,gamblino.com,india_review,2026-09-01,india,4,live,Infinite Blackjack,Evolution,1.00,印度真人热门榜第4
gamblino-live,https://gamblino.com/live-casino/,gamblino.com,india_review,2026-09-01,india,5,live,Crazy Time,Evolution,1.00,印度真人热门榜第5
yogonet-blask-live,https://www.yogonet.com/international/news/2026/07/27/125553-live-games-in-2026-the-titles-and-countries-leading-the-market,yogonet.com,market_research,2026-07-27,india,2,live,Crazy Time,Evolution,1.00,Blask印度搜索兴趣SoI第2
yogonet-blask-live,https://www.yogonet.com/international/news/2026/07/27/125553-live-games-in-2026-the-titles-and-countries-leading-the-market,yogonet.com,global_report,2026-07-27,global,2,live,Lightning Roulette,Evolution,1.00,Blask全球真人游戏陈列领先
yogonet-blask-live,https://www.yogonet.com/international/news/2026/07/27/125553-live-games-in-2026-the-titles-and-countries-leading-the-market,yogonet.com,global_report,2026-07-27,global,3,live,Live Baccarat,Pragmatic Play,1.00,Blask全球真人游戏第3
bog-pragmatic,https://www.businessofigaming.com/game-providers/pragmatic-play/,businessofigaming.com,global_report,2026-08-14,global,1,slots,Gates of Olympus,Pragmatic Play,1.00,Blask 31国游戏陈列位第1
bog-pragmatic,https://www.businessofigaming.com/game-providers/pragmatic-play/,businessofigaming.com,global_report,2026-08-14,global,2,slots,Gates of Olympus 1000,Pragmatic Play,1.00,Blask 31国游戏陈列位第2
bog-pragmatic,https://www.businessofigaming.com/game-providers/pragmatic-play/,businessofigaming.com,global_report,2026-08-14,global,3,slots,Gates of Olympus Super Scatter,Pragmatic Play,1.00,Blask 31国游戏陈列位第3
bog-pragmatic,https://www.businessofigaming.com/game-providers/pragmatic-play/,businessofigaming.com,global_report,2026-08-14,global,4,slots,Sugar Rush 1000,Pragmatic Play,1.00,Blask 31国游戏陈列位第4
bog-pragmatic,https://www.businessofigaming.com/game-providers/pragmatic-play/,businessofigaming.com,global_report,2026-08-14,global,5,slots,The Dog House Megaways,Pragmatic Play,1.00,Blask 31国游戏陈列位第5
bog-pragmatic,https://www.businessofigaming.com/game-providers/pragmatic-play/,businessofigaming.com,global_report,2026-08-14,global,12,slots,Sweet Bonanza 2500,Pragmatic Play,1.00,Blask 31国游戏陈列位第12
bog-pragmatic,https://www.businessofigaming.com/game-providers/pragmatic-play/,businessofigaming.com,global_report,2026-08-14,global,13,slots,Big Bass Football Bonanza,Pragmatic Play,1.00,Blask 31国游戏陈列位第13
bog-pragmatic,https://www.businessofigaming.com/game-providers/pragmatic-play/,businessofigaming.com,global_report,2026-08-14,global,16,slots,The Dog House,Pragmatic Play,1.00,Blask 31国游戏陈列位第16
bog-pragmatic,https://www.businessofigaming.com/game-providers/pragmatic-play/,businessofigaming.com,global_report,2026-08-14,global,17,slots,Big Bass Bonanza 1000,Pragmatic Play,1.00,Blask 31国游戏陈列位第17
